동,경사도,자전거도로길이,총거치대수,총대여수,인구,면적,지하철역개수,버스정거장개수,스타벅스매장수
가락1동,-15.5247,7150.0,115.0,74652.0,27716,1.34,1,13,2
가락2동,-39.3115,4704.0,45.0,33583.0,33920,0.96,0,23,2
가락본동,-30.7845,6932.0,55.0,25487.0,27876,1.13,2,25,2
가리봉동,-21.8088,2971.6132075471696,10.0,5621.0,15250,0.4,0,9,0
가산동,-12.949,2108.0,258.0,160033.0,24455,2.52,2,111,7
가양1동,-8.259,19044.0,948.0,470514.0,34154,4.7,4,56,5
가양2동,-6.3928,5339.0,65.0,62588.0,15140,1.0,1,14,0
가양3동,-10.0878,776.0,33.0,48481.0,16199,0.99,1,13,1
가회동,-59.9773,2971.6132075471696,33.0,19088.0,4488,0.54,0,21,2
갈현1동,-65.7546,2971.6132075471696,15.0,11612.0,24536,0.97,0,42,1
갈현2동,-40.7416,1688.0,10.0,9130.0,30150,0.96,0,32,0
강일동,-22.4913,1781.0,105.0,49664.0,32127,2.8,0,51,1
개봉1동,-19.8128,67.0,69.0,47097.0,33835,1.31,1,50,0
개봉2동,-11.4197,2755.0,35.0,11147.0,33036,0.8,0,25,0
개봉3동,-18.8147,2513.0,15.0,6479.0,22005,0.81,0,21,0
개포1동,-64.5348,1840.0,50.0,8208.0,6920,1.27,0,15,0
개포2동,-52.8422,3425.0,105.0,32017.0,22049,2.51,3,34,0
개포4동,-77.8788,1598.0,70.0,29660.0,18405,1.49,0,33,1
거여1동,-32.5717,2946.0,55.0,47801.0,13221,0.51,1,6,0
거여2동,-47.0949,2971.6132075471696,0.0,0.0,16921,0.53,0,10,0
고덕1동,-29.3446,9983.0,55.0,18181.0,27079,1.73,1,21,0
고덕2동,-22.4319,3768.0,75.0,19466.0,19345,2.01,1,20,0
고척1동,-15.7491,4712.0,85.0,55706.0,24182,1.16,0,30,0
고척2동,-25.8971,967.0,30.0,24532.0,28950,1.02,0,37,0
공덕동,-50.4208,2971.6132075471696,55.0,82078.0,40509,1.01,0,33,2
공릉1동,-21.9217,1805.0,140.0,157550.0,39040,1.41,2,48,2
공릉2동,-52.8292,8562.0,167.0,89826.0,41071,6.82,1,59,0
공항동,-10.7135,2406.0,60.0,66171.0,28261,10.87,2,58,0
광장동,-29.6695,11877.0,78.0,61045.0,36083,2.39,1,37,2
광희동,-25.4748,539.0,28.0,19176.0,6284,0.74,1,22,3
교남동,-59.1292,2971.6132075471696,37.0,23371.0,10708,0.35,0,22,2
구로1동,-11.7118,399.0,95.0,65451.0,22097,1.02,0,21,0
구로2동,-13.2481,2292.0,35.0,13903.0,35208,1.76,1,40,0
구로3동,-15.0795,6681.0,100.0,123868.0,26290,1.02,2,46,6
구로4동,-12.2818,2564.0,50.0,47783.0,26219,0.46,1,16,0
구로5동,-11.7436,6976.0,85.0,130834.0,33426,1.03,1,35,1
구산동,-40.2563,1380.0,20.0,22376.0,33804,1.38,1,32,0
구의1동,-22.7882,1741.0,20.0,21145.0,23063,0.56,1,14,1
구의2동,-80.1781,2589.0,72.0,53157.0,27902,1.39,1,21,2
구의3동,-16.261,13750.0,88.0,79970.0,30094,1.02,1,21,2
군자동,-18.2051,3453.0,156.0,119156.0,22109,0.74,0,24,2
금호1가동,-67.1947,2971.6132075471696,15.0,1608.0,15954,0.46,1,41,0
금호2·3가동,-51.8054,2971.6132075471696,34.0,7434.0,24171,0.64,1,43,0
금호4가동,-22.4569,2444.0,97.0,22942.0,15227,0.84,0,27,1
길동,-31.6421,5232.0,100.0,89033.0,46367,2.17,1,39,2
길음1동,-55.2256,2971.6132075471696,97.0,46832.0,37082,0.79,1,27,0
길음2동,-32.1931,686.0,0.0,0.0,16620,0.58,0,22,3
낙성대동,-132.4359,3920.0,63.0,22144.0,17623,2.27,0,36,2
난곡동,-71.1384,2971.6132075471696,12.0,17071.0,28912,0.96,0,21,0
난향동,-108.2617,2971.6132075471696,10.0,4451.0,16394,0.8,0,15,0
남가좌1동,-20.4594,2072.0,87.0,16122.0,16918,0.51,1,14,1
남가좌2동,-29.4265,933.0,55.0,34172.0,25947,0.77,0,20,1
남영동,-30.9781,982.0,65.0,47320.0,8412,1.19,3,21,3
남현동,-128.3537,4023.0,0.0,0.0,18980,3.27,0,7,1
내곡동,-110.8731,2971.6132075471696,209.0,50580.0,18481,12.68,1,62,1
노량진1동,-24.1441,1369.0,90.0,107570.0,32563,1.58,2,49,2
노량진2동,-21.1604,2287.0,10.0,26130.0,13789,0.64,0,12,0
녹번동,-83.4793,2971.6132075471696,112.0,69421.0,38411,1.79,2,28,0
논현1동,-35.039,1777.0,50.0,32447.0,23792,1.25,2,18,4
논현2동,-46.7167,4691.0,75.0,38514.0,21904,1.47,2,26,7
능동,-27.4135,3748.0,112.0,82894.0,11978,1.1,1,9,0
다산동,-42.1136,2971.6132075471696,15.0,8275.0,15035,0.51,1,8,1
답십리1동,-19.034,2971.6132075471696,59.0,51480.0,29783,0.81,1,28,1
답십리2동,-23.8233,2971.6132075471696,44.0,36401.0,30486,0.85,0,19,0
당산1동,-9.9683,290.0,50.0,49623.0,21524,0.75,1,20,0
당산2동,-8.4205,4909.0,147.0,239109.0,36324,1.55,1,43,3
대림1동,-17.9474,1935.0,0.0,0.0,16332,0.49,0,15,0
대림2동,-13.0967,2255.0,18.0,15239.0,21370,0.55,0,13,0
대림3동,-11.8678,101.0,26.0,22375.0,28638,0.95,0,37,0
대방동,-29.7643,30.0,125.0,73455.0,40177,1.55,2,52,0
대조동,-31.6808,2971.6132075471696,20.0,29991.0,27910,0.85,0,28,2
대치1동,-14.9916,8022.0,10.0,288.0,25302,0.79,2,17,4
대치2동,-16.7109,11859.0,115.0,64212.0,38647,2.0,1,32,7
대치4동,-25.0848,2971.6132075471696,60.0,24075.0,20822,0.73,1,16,2
대학동,-227.1326,2509.0,97.0,73828.0,24457,8.3,0,55,0
대흥동,-41.8932,2971.6132075471696,104.0,94357.0,13575,0.88,2,31,3
도곡1동,-33.2024,4124.0,36.0,20461.0,22626,1.02,2,24,2
도곡2동,-18.328,7974.0,85.0,31042.0,34437,1.02,0,19,1
도림동,-17.7924,2971.6132075471696,50.0,40944.0,21552,0.89,0,25,0
도봉1동,-168.4798,6232.0,55.0,17076.0,22293,8.72,0,39,0
도봉2동,-29.0081,5481.0,70.0,23082.0,28677,0.83,2,47,0
도화동,-31.2117,126.0,10.0,18625.0,22594,0.62,0,34,2
독산1동,-18.5002,8313.0,215.0,82539.0,43840,2.09,0,67,1
독산2동,-50.2283,2971.6132075471696,14.0,138.0,21405,0.6,0,7,0
독산3동,-32.2896,2971.6132075471696,70.0,33326.0,29916,0.92,0,21,1
독산4동,-50.8031,2971.6132075471696,7.0,1166.0,18227,0.59,0,16,0
돈암1동,-65.0633,148.0,28.0,3368.0,15921,0.49,0,14,1
돈암2동,-64.4015,2971.6132075471696,10.0,5603.0,25028,0.48,0,32,0
동선동,-68.0834,2971.6132075471696,80.0,74128.0,16276,0.73,1,16,2
동화동,-46.5747,2971.6132075471696,10.0,10726.0,10995,0.26,1,4,0
둔촌1동,-31.4826,2971.6132075471696,0.0,0.0,283,0.92,1,8,0
둔촌2동,-47.5814,220.0,78.0,17105.0,27752,0.98,1,29,0
등촌1동,-11.3396,6105.0,70.0,94313.0,23717,0.59,0,15,0
등촌2동,-21.5435,2055.0,38.0,35361.0,21868,0.92,0,9,0
등촌3동,-9.8289,11246.0,59.0,121151.0,32506,0.79,0,49,3
마장동,-16.7449,6930.0,98.0,132622.0,24035,1.05,1,29,0
마천1동,-53.8806,2971.6132075471696,30.0,12047.0,20764,0.58,1,14,0
마천2동,-47.5169,791.0,32.0,22509.0,20242,0.89,0,12,1
망우3동,-110.7328,2971.6132075471696,10.0,8482.0,17941,0.99,0,10,0
망우본동,-71.7982,2971.6132075471696,58.0,34860.0,31071,2.88,1,53,0
망원1동,-7.934,10686.0,49.0,74439.0,21856,1.13,0,23,0
망원2동,-9.4027,2201.0,82.0,119712.0,19386,0.67,0,33,0
면목2동,-15.12,2366.0,15.0,16940.0,25942,0.73,0,23,0
면목3·8동,-122.6671,2971.6132075471696,20.0,25860.0,26589,1.67,1,27,0
면목4동,-88.3652,566.0,95.0,49021.0,20052,1.1,1,13,0
면목5동,-15.7095,1271.0,65.0,22891.0,9825,0.64,0,14,0
면목7동,-137.3506,2971.6132075471696,20.0,6567.0,22200,0.87,0,17,1
면목본동,-28.8569,2971.6132075471696,30.0,19594.0,36195,1.01,1,28,0
명동,-37.4985,2971.6132075471696,151.0,59367.0,3567,0.99,2,24,19
명일1동,-31.9792,6146.0,122.0,61057.0,26758,0.61,1,21,2
명일2동,-35.8232,7664.0,50.0,26181.0,17778,0.97,0,16,1
목1동,-8.1879,17388.0,195.0,161180.0,32173,1.41,2,28,7
목2동,-20.17,6179.0,30.0,21188.0,31477,1.03,1,17,0
목3동,-25.1176,300.0,31.0,15080.0,23095,0.53,0,9,1
목4동,-13.9386,2317.0,59.0,47727.0,26909,0.57,0,14,0
목5동,-8.2914,9909.0,105.0,94214.0,42948,1.81,0,42,3
무악동,-111.7871,2971.6132075471696,31.0,9592.0,8740,0.36,1,6,0
묵1동,-45.9283,3029.0,95.0,40145.0,36016,1.2,1,32,2
묵2동,-18.1833,2598.0,35.0,30656.0,19901,0.7,0,19,0
문래동,-10.1749,5953.0,93.0,103830.0,31963,1.49,1,42,3
문정1동,-32.8144,2872.0,33.0,32750.0,21301,0.56,1,17,0
문정2동,-18.8467,9816.0,172.0,128997.0,29967,2.2,2,17,5
미성동,-43.5885,2971.6132075471696,40.0,28508.0,32751,1.38,0,35,0
미아동,-63.1605,2971.6132075471696,109.0,62593.0,22814,0.93,1,27,1
반포1동,-18.3898,2971.6132075471696,65.0,23442.0,33237,1.0,1,25,2
반포2동,-10.766,4369.0,56.0,35982.0,16385,1.35,1,17,0
반포3동,-10.9822,1362.0,0.0,0.0,20390,1.28,1,15,1
반포4동,-29.674,763.0,78.0,94279.0,20232,1.43,1,35,6
반포본동,-12.1254,3663.0,35.0,26238.0,12190,1.01,1,3,0
발산1동,-17.8532,1835.0,102.0,37436.0,38507,2.96,0,59,2
방배1동,-43.1254,2971.6132075471696,15.0,12741.0,17524,0.7,1,21,2
방배2동,-76.9292,876.0,60.0,37577.0,20958,1.93,1,36,1
방배3동,-108.4053,904.0,102.0,27649.0,22455,2.4,0,47,1
방배4동,-34.6078,203.0,74.0,61069.0,24083,0.98,3,26,4
방배본동,-24.6315,1483.0,65.0,19212.0,21585,0.67,0,23,1
방이1동,-24.1512,6119.0,40.0,56398.0,16524,0.5,1,11,2
방이2동,-18.9306,4249.0,52.0,92352.0,26044,0.8,1,13,3
방학1동,-25.3917,6955.0,117.0,64002.0,30056,0.69,1,34,0
방학2동,-40.6482,1134.0,20.0,140.0,21140,0.74,0,23,0
방학3동,-59.0572,1132.0,18.0,10440.0,28782,2.64,0,32,0
방화1동,-10.0962,2734.0,30.0,39074.0,45668,1.04,1,39,1
방화2동,-16.1277,3306.0,30.0,12268.0,24051,6.41,2,34,0
방화3동,-11.937,3625.0,33.0,17238.0,24467,2.38,1,18,0
번1동,-28.5802,6240.0,48.0,28873.0,19614,0.66,0,27,1
번2동,-38.2818,6690.0,64.0,28460.0,17102,0.95,0,48,0
번3동,-35.0517,6935.0,80.0,22326.0,18251,1.1,0,39,0
보광동,-25.2322,845.0,10.0,8146.0,15862,0.71,0,11,0
보라매동,-68.4394,2971.6132075471696,10.0,36286.0,26496,0.76,0,24,1
보문동,-27.213,1395.0,8.0,3426.0,16653,0.56,1,10,0
부암동,-150.3404,2971.6132075471696,55.0,8275.0,10551,2.27,0,34,0
북가좌1동,-23.3311,2971.6132075471696,158.0,81759.0,19160,0.55,0,12,0
북가좌2동,-30.3938,2971.6132075471696,73.0,65465.0,33810,0.84,0,22,0
북아현동,-53.6243,2971.6132075471696,61.0,20017.0,17525,0.46,1,19,1
불광1동,-171.1831,2971.6132075471696,92.0,57282.0,40917,3.13,2,38,1
불광2동,-80.954,2971.6132075471696,47.0,22033.0,29552,1.38,1,29,0
사근동,-22.8211,3644.0,50.0,15228.0,13543,1.1,2,21,2
사당1동,-18.7344,4059.0,102.0,43120.0,24026,0.79,1,12,2
사당2동,-32.0488,5518.0,50.0,24830.0,28290,2.75,1,27,0
사당3동,-54.0408,1762.0,62.0,24080.0,26034,0.92,1,26,1
사당4동,-28.3723,2971.6132075471696,0.0,0.0,14921,0.38,0,3,0
사당5동,-52.8901,2971.6132075471696,10.0,3314.0,12886,0.57,0,25,0
사직동,-38.6793,1180.0,134.0,101397.0,9815,1.23,2,31,7
삼각산동,-59.6836,2971.6132075471696,25.0,4406.0,32900,0.62,0,22,1
삼선동,-43.9661,252.0,55.0,42145.0,26013,0.92,0,41,1
삼성1동,-21.6139,10379.0,155.0,96339.0,14920,1.94,2,30,9
삼성2동,-33.8038,2971.6132075471696,35.0,18138.0,30674,1.24,2,22,5
삼성동,-132.8473,544.0,30.0,8194.0,25226,2.66,0,31,0
삼양동,-66.0186,2971.6132075471696,20.0,7415.0,25537,0.91,3,33,0
삼전동,-14.0758,8341.0,49.0,55667.0,32613,0.95,1,12,1
삼청동,-106.5445,837.0,72.0,37505.0,2997,1.49,0,15,1
상계10동,-27.4981,4300.0,20.0,29674.0,16619,0.8,0,23,1
상계1동,-179.4844,4384.0,98.0,51495.0,40121,5.62,1,32,0
상계2동,-29.8419,5871.0,70.0,106008.0,21220,0.61,1,26,1
상계3·4동,-180.6368,2971.6132075471696,41.0,20089.0,25818,5.62,1,19,0
상계5동,-67.3376,2455.0,75.0,50191.0,25483,0.44,1,29,0
상계6·7동,-24.0934,12792.0,111.0,113133.0,34648,1.11,0,32,3
상계8동,-26.0031,6894.0,15.0,862.0,23953,0.67,0,14,0
상계9동,-58.377,4325.0,19.0,27548.0,21919,0.81,1,19,0
상도1동,-84.6084,599.0,62.0,12383.0,48153,1.51,2,43,3
상도2동,-46.7362,1557.0,88.0,32879.0,29270,0.98,1,36,0
상도3동,-54.3228,2971.6132075471696,0.0,0.0,26041,0.6,0,34,1
상도4동,-63.0299,2971.6132075471696,7.0,7439.0,29893,0.75,0,34,0
상봉1동,-32.603,356.0,60.0,54026.0,25499,0.85,2,14,1
상봉2동,-18.6654,595.0,64.0,82320.0,19844,0.68,0,17,2
상암동,-22.9013,34644.0,419.0,245503.0,32882,8.4,1,88,5
상일동,-32.514,9646.0,92.0,18393.0,10773,2.65,0,36,0
서강동,-19.5893,7418.0,65.0,97225.0,26163,1.45,2,60,2
서교동,-18.1224,2971.6132075471696,130.0,199889.0,25997,1.65,3,76,12
서림동,-85.0578,3313.0,55.0,42224.0,24339,0.99,0,22,0
서빙고동,-14.4033,12590.0,35.0,31009.0,14102,2.8,1,21,1
서원동,-48.1321,1855.0,27.0,19393.0,24068,0.65,0,20,1
서초1동,-32.4724,3540.0,130.0,47047.0,21579,1.42,2,34,4
서초2동,-25.1365,1314.0,32.0,24126.0,18837,1.24,0,45,4
서초3동,-52.9027,1428.0,64.0,26532.0,30951,2.93,1,71,6
서초4동,-20.4171,469.0,115.0,44352.0,31988,0.88,0,40,7
석관동,-19.1082,2192.0,55.0,41705.0,36507,1.73,0,30,0
석촌동,-15.2512,4962.0,42.0,2144.0,34309,0.95,0,18,1
성내1동,-14.9771,1486.0,77.0,107506.0,20561,0.58,0,21,2
성내2동,-19.577,2193.0,45.0,44254.0,25186,0.67,1,18,1
성내3동,-18.3203,5908.0,75.0,76650.0,23921,0.71,1,15,1
성북동,-126.7945,604.0,120.0,44183.0,17584,2.86,1,47,1
성산1동,-17.6853,1468.0,20.0,26219.0,20164,0.8,0,27,0
성산2동,-18.0344,12889.0,132.0,139354.0,41531,2.07,2,40,0
성수1가1동,-13.1126,11337.0,86.0,98426.0,17168,1.98,1,32,1
성수1가2동,-12.2976,8363.0,52.0,63111.0,14735,0.89,1,12,1
성수2가1동,-10.8933,5613.0,29.0,56543.0,17722,1.18,0,31,1
성수2가3동,-12.9908,4901.0,60.0,117932.0,11682,1.03,1,19,2
성현동,-93.6938,2971.6132075471696,0.0,0.0,31175,0.68,0,29,0
세곡동,-35.4262,7628.0,109.0,48294.0,45064,6.36,0,65,0
소공동,-34.5482,2971.6132075471696,134.0,75679.0,3059,0.95,1,37,14
송정동,-13.7883,3501.0,42.0,46443.0,11428,0.75,0,16,0
송중동,-63.6602,3489.0,18.0,21819.0,31153,1.01,1,65,1
송천동,-36.4739,236.0,20.0,6568.0,28628,0.9,0,18,0
송파1동,-21.4248,4530.0,37.0,98197.0,26026,0.79,1,14,2
송파2동,-29.1611,4776.0,35.0,13929.0,20862,0.53,0,7,0
수궁동,-48.0821,4420.0,35.0,8233.0,24890,2.67,1,44,0
수색동,-53.9105,430.0,20.0,6773.0,8952,1.29,1,17,0
수서동,-23.8554,10439.0,50.0,30088.0,15934,1.43,1,17,2
수유1동,-93.00200000000001,2971.6132075471696,10.0,6598.0,21841,1.67,1,39,0
수유2동,-34.5127,1791.0,40.0,27988.0,21939,0.57,1,14,0
수유3동,-32.1465,4047.0,95.0,86742.0,24064,0.72,1,24,1
숭인1동,-29.3301,2971.6132075471696,10.0,28201.0,6532,0.23,1,12,0
숭인2동,-18.9664,2971.6132075471696,30.0,41281.0,9902,0.35,0,6,1
시흥1동,-24.3491,2022.0,90.0,25860.0,36706,1.71,1,43,2
시흥2동,-185.6773,2971.6132075471696,10.0,3299.0,22659,1.26,0,20,0
시흥3동,-75.9421,2971.6132075471696,50.0,6707.0,11524,1.07,0,16,0
시흥4동,-77.7288,2971.6132075471696,15.0,3528.0,22216,0.87,0,25,0
시흥5동,-111.349,2971.6132075471696,0.0,0.0,20872,1.39,0,34,0
신길1동,-16.2348,2258.0,20.0,29975.0,19750,0.66,1,25,0
신길3동,-18.8944,2971.6132075471696,20.0,21146.0,18727,0.52,0,25,1
신길4동,-28.7538,2971.6132075471696,0.0,0.0,9985,0.35,0,13,0
신길5동,-17.6147,250.0,40.0,18674.0,10670,0.47,0,22,0
신길6동,-21.5141,1305.0,50.0,52721.0,19434,0.68,1,23,0
신길7동,-27.0105,1344.0,72.0,54228.0,17075,0.64,1,29,0
신내1동,-54.9743,196.0,80.0,21788.0,40854,2.53,1,51,1
신내2동,-42.1001,3730.0,85.0,59235.0,21905,0.99,0,20,0
신당5동,-40.1969,2971.6132075471696,35.0,38730.0,10929,0.39,0,8,0
신당동,-23.068,2971.6132075471696,46.0,34449.0,9234,0.55,0,8,2
신대방1동,-22.4217,2842.0,40.0,23351.0,26599,0.62,0,15,0
신대방2동,-28.5638,715.0,20.0,27165.0,20719,1.03,0,28,1
신도림동,-9.3841,8003.0,85.0,113551.0,37188,1.47,2,36,3
신림동,-24.3306,2368.0,65.0,131003.0,22525,0.54,1,17,2
신사1동,-28.3552,2962.0,35.0,10448.0,28570,0.84,1,22,0
신사2동,-39.4853,1820.0,10.0,82.0,21875,1.0,1,30,0
신사동,-15.2641,5404.0,129.0,157322.0,25960,0.64,2,30,4
신사동,-15.2641,5404.0,129.0,157322.0,17546,1.89,2,30,4
신수동,-15.2285,986.0,90.0,85986.0,23877,0.78,0,24,0
신원동,-33.2124,1075.0,0.0,0.0,19742,0.55,0,10,0
신월1동,-11.064,2971.6132075471696,40.0,12337.0,21773,0.65,0,10,0
신월2동,-24.2376,1552.0,65.0,19784.0,22126,0.61,0,10,0
신월3동,-20.6407,2971.6132075471696,10.0,2719.0,16719,0.87,0,12,1
신월4동,-13.1944,376.0,19.0,11963.0,19026,0.52,0,10,0
신월5동,-22.5912,2971.6132075471696,50.0,42906.0,15570,0.69,0,13,0
신월6동,-29.5578,712.0,20.0,4990.0,6615,0.41,0,12,0
신월7동,-35.8836,2971.6132075471696,34.0,20450.0,21602,1.19,0,20,0
신정1동,-9.0925,4026.0,20.0,25853.0,21627,0.7,1,27,0
신정2동,-7.835,5416.0,40.0,1020.0,20685,0.52,0,15,0
신정3동,-32.9565,9400.0,162.0,46077.0,48151,2.72,0,63,0
신정4동,-10.8433,2039.0,15.0,28856.0,35581,1.01,1,19,2
신정6동,-8.5779,7276.0,95.0,50162.0,25304,0.96,0,22,1
신정7동,-15.3246,3594.0,55.0,34976.0,30904,1.21,1,24,0
신촌동,-76.4549,2971.6132075471696,176.0,101670.0,24372,2.63,2,50,10
쌍문1동,-56.2902,2971.6132075471696,60.0,23147.0,22364,1.24,0,46,0
쌍문2동,-30.0264,2555.0,26.0,13021.0,20025,0.54,0,16,0
쌍문3동,-38.4616,1771.0,10.0,8015.0,17262,0.5,1,15,0
쌍문4동,-41.8865,17.0,35.0,11796.0,19811,0.52,0,19,0
아현동,-29.5315,2971.6132075471696,21.0,18357.0,25358,0.76,2,18,2
안암동,-43.3385,3404.0,71.0,120343.0,17502,1.33,1,32,2
암사1동,-27.1087,2466.0,15.0,12308.0,36693,1.02,0,16,0
암사2동,-11.5234,9927.0,46.0,45749.0,14774,1.18,1,6,0
암사3동,-33.5697,3784.0,50.0,10176.0,18693,2.51,0,12,1
압구정동,-15.7634,6466.0,34.0,25577.0,27712,2.53,2,19,5
약수동,-89.42,2971.6132075471696,34.0,9249.0,17734,0.48,1,12,0
양재1동,-53.3229,12990.0,240.0,119698.0,45940,5.76,0,73,2
양재2동,-98.4335,11635.0,135.0,82640.0,23161,7.58,1,48,1
양평1동,-8.8492,2278.0,60.0,53711.0,18263,0.88,1,22,0
양평2동,-7.2502,4540.0,60.0,97512.0,22802,3.0,1,28,2
여의동,-7.7843,23601.0,608.0,621964.0,34598,8.4,4,59,17
역삼1동,-37.8068,1807.0,158.0,77882.0,37002,2.35,3,50,18
역삼2동,-31.0122,3670.0,86.0,45970.0,37336,1.15,0,27,4
역촌동,-23.2868,2651.0,59.0,105790.0,48490,1.16,0,50,0
연남동,-15.9123,1777.0,25.0,32391.0,16953,0.64,0,22,0
연희동,-74.0317,2971.6132075471696,144.0,118304.0,41339,3.05,0,58,2
염리동,-44.7824,2971.6132075471696,0.0,0.0,13486,0.43,0,10,1
염창동,-9.7432,6686.0,53.0,62563.0,42579,1.74,2,36,1
영등포동,-10.5894,2971.6132075471696,156.0,163448.0,27166,1.26,1,46,8
영등포본동,-16.4519,2971.6132075471696,60.0,62297.0,24813,1.02,1,18,0
오금동,-26.8207,8006.0,131.0,77675.0,41067,1.65,2,29,1
오류1동,-29.3015,1699.0,10.0,10351.0,23295,0.59,1,13,1
오류2동,-36.9812,4333.0,407.0,53261.0,53500,4.6,1,89,0
오륜동,-20.8259,11552.0,145.0,135940.0,18864,3.17,2,20,1
옥수동,-21.0855,8452.0,31.0,46736.0,27222,1.95,1,44,0
왕십리2동,-33.4305,2971.6132075471696,48.0,14149.0,17744,0.41,0,12,0
왕십리도선동,-21.8933,634.0,76.0,90143.0,27767,0.72,1,27,3
용강동,-11.324,5139.0,66.0,67587.0,22441,0.84,1,21,2
용답동,-12.0197,13200.0,93.0,46825.0,13290,2.32,1,10,0
용문동,-17.7389,2971.6132075471696,0.0,0.0,12587,0.28,0,17,0
용산2가동,-63.8429,5030.0,72.0,21537.0,11836,1.96,1,28,1
용신동,-16.8627,1164.0,190.0,192194.0,32144,1.61,2,37,1
우이동,-209.4446,390.0,62.0,24288.0,21391,10.28,3,39,0
우장산동,-29.4457,2000.0,42.0,89819.0,44808,1.36,2,27,0
원효로1동,-14.9804,1629.0,36.0,11483.0,16630,0.59,0,23,1
원효로2동,-18.8211,3742.0,60.0,30888.0,14718,0.71,0,23,0
월계1동,-29.9065,2971.6132075471696,79.0,61101.0,23883,1.16,1,45,1
월계2동,-39.4355,2938.0,60.0,12632.0,27289,1.94,2,38,1
월계3동,-17.2632,7039.0,20.0,14566.0,31593,1.17,1,29,2
월곡1동,-54.8635,2971.6132075471696,49.0,25635.0,27523,0.81,0,24,0
월곡2동,-50.5533,1272.0,85.0,68214.0,20509,1.36,2,32,1
위례동,-37.9739,2971.6132075471696,129.0,52414.0,28296,2.55,0,27,1
은천동,-57.0405,2695.0,86.0,39437.0,35337,0.78,0,42,0
을지로동,-23.8676,2971.6132075471696,78.0,30720.0,2007,0.6,2,15,2
응봉동,-17.5644,3866.0,36.0,42756.0,16188,0.57,1,28,0
응암1동,-53.2423,2971.6132075471696,73.0,54284.0,25654,1.2,0,23,2
응암2동,-99.0505,2971.6132075471696,19.0,23792.0,25466,0.78,0,31,0
응암3동,-29.3219,2971.6132075471696,50.0,58521.0,26081,0.63,0,28,0
이문1동,-21.486,1359.0,46.0,28520.0,22311,1.04,1,25,2
이문2동,-15.9863,4171.0,40.0,17381.0,21174,0.69,1,12,0
이촌1동,-7.5694,12746.0,70.0,42604.0,29255,2.86,0,21,2
이촌2동,-9.3376,12146.0,21.0,9936.0,9005,1.22,0,8,0
이태원1동,-60.8562,2971.6132075471696,25.0,14991.0,9222,0.57,1,16,1
이태원2동,-115.1475,924.0,10.0,0.0,10811,0.86,0,20,0
이화동,-55.3303,1304.0,55.0,48608.0,8470,0.78,1,20,4
인수동,-136.5536,2971.6132075471696,40.0,21426.0,32461,3.28,0,55,0
인헌동,-113.5061,404.0,12.0,5548.0,27088,1.08,0,23,1
일원1동,-15.2469,1738.0,15.0,13007.0,16438,0.92,0,14,0
일원2동,-14.978,7061.0,20.0,18442.0,18160,1.24,1,10,0
일원본동,-72.2373,11994.0,40.0,8176.0,24399,2.58,1,30,0
자양1동,-20.3562,4022.0,44.0,101249.0,24156,0.57,0,13,1
자양2동,-15.0846,8884.0,24.0,58477.0,26893,1.68,0,14,0
자양3동,-12.8251,5343.0,147.0,268024.0,29475,1.2,0,16,4
자양4동,-12.1523,2980.0,42.0,81318.0,23000,1.16,1,14,0
잠실2동,-10.4197,13418.0,38.0,46473.0,36809,2.18,2,9,0
잠실3동,-12.7993,6310.0,39.0,41782.0,36038,1.49,0,21,1
잠실4동,-14.6933,7853.0,30.0,59385.0,22240,1.56,2,9,0
잠실6동,-11.6193,11674.0,65.0,125489.0,17441,2.79,1,14,5
잠실7동,-14.2176,4996.0,35.0,31677.0,10191,0.6,0,4,0
잠실본동,-13.953,6851.0,158.0,204641.0,29628,0.94,1,14,2
잠원동,-17.5639,5406.0,150.0,93727.0,35131,1.76,1,22,4
장안1동,-12.4826,8415.0,65.0,109646.0,39153,1.25,1,29,1
장안2동,-12.6789,2801.0,48.0,20431.0,33045,1.09,0,33,0
장위1동,-37.902,2971.6132075471696,20.0,7386.0,20592,0.7,0,37,0
장위2동,-21.7936,584.0,0.0,0.0,13972,0.67,1,26,0
장위3동,-22.1887,2617.0,81.0,12983.0,17580,0.65,0,31,0
장지동,-32.9411,2650.0,100.0,55681.0,33055,1.37,0,39,0
장충동,-70.9723,2830.0,51.0,14869.0,5628,1.36,1,11,1
전농1동,-24.3913,2971.6132075471696,53.0,31997.0,31075,1.19,1,31,0
전농2동,-37.1024,2971.6132075471696,154.0,68768.0,19990,0.86,0,12,0
정릉1동,-50.3205,2971.6132075471696,25.0,5935.0,19455,0.44,1,15,0
정릉2동,-70.8446,2971.6132075471696,25.0,11845.0,23834,1.17,0,48,0
정릉3동,-135.803,2971.6132075471696,30.0,8451.0,17233,3.71,0,30,0
정릉4동,-258.1992,2971.6132075471696,20.0,5564.0,26792,3.13,1,35,0
제기동,-16.9916,880.0,54.0,20052.0,27364,1.18,2,26,0
조원동,-17.0941,2971.6132075471696,44.0,41705.0,19579,0.67,0,26,1
종로1·2·3·4가동,-31.3656,4529.0,299.0,214873.0,8446,2.35,3,62,17
종로5·6가동,-29.7645,2971.6132075471696,186.0,122890.0,5839,0.6,1,18,0
종암동,-27.9916,1914.0,72.0,94967.0,42068,1.46,0,57,2
중계1동,-36.9197,3474.0,48.0,44184.0,28061,0.63,0,18,1
중계2·3동,-25.7067,3833.0,84.0,84914.0,36763,0.9,1,33,0
중계4동,-181.7358,930.0,33.0,31372.0,21324,1.7,0,6,0
중계본동,-137.0066,2971.6132075471696,40.0,30761.0,25875,1.97,0,19,0
중곡1동,-18.6564,3549.0,30.0,52277.0,16287,0.62,1,17,0
중곡2동,-28.9272,2913.0,9.0,94.0,22564,0.55,0,16,0
중곡3동,-33.4225,1942.0,54.0,26176.0,17315,0.6,1,24,0
중곡4동,-158.281,2971.6132075471696,30.0,27897.0,30516,2.32,0,33,0
중림동,-35.1046,2971.6132075471696,45.0,20466.0,12942,0.48,0,10,0
중앙동,-50.2592,559.0,66.0,38960.0,15895,0.39,1,14,1
중화1동,-44.5284,2971.6132075471696,8.0,105.0,20916,0.68,0,14,0
중화2동,-15.6428,1493.0,75.0,31325.0,27274,0.98,2,28,0
증산동,-19.0155,3993.0,20.0,20632.0,16172,0.81,1,12,0
진관동,-146.1655,2115.0,320.0,88130.0,58006,11.53,1,70,2
창1동,-30.2232,1047.0,50.0,19469.0,26271,0.88,0,21,1
창2동,-39.47,2971.6132075471696,15.0,21346.0,30498,1.07,0,27,0
창3동,-62.7343,2971.6132075471696,18.0,14098.0,14777,0.67,0,15,0
창4동,-22.7581,7685.0,70.0,53252.0,27873,0.96,0,36,0
창5동,-25.4397,47.0,132.0,64264.0,25802,0.7,1,21,1
창신1동,-22.9801,2971.6132075471696,40.0,104.0,6079,0.31,1,7,0
창신2동,-48.4957,2971.6132075471696,0.0,0.0,9799,0.26,0,1,0
창신3동,-46.6966,2971.6132075471696,30.0,8398.0,7271,0.23,1,5,0
천연동,-59.576,2971.6132075471696,64.0,15774.0,18704,0.97,0,35,0
천호1동,-28.3545,2432.0,18.0,17889.0,28400,0.71,1,18,0
천호2동,-15.5001,6815.0,64.0,87839.0,35904,1.57,0,27,2
천호3동,-24.1685,371.0,70.0,17033.0,27996,0.79,1,11,2
청구동,-60.8394,2971.6132075471696,8.0,1522.0,14515,0.34,0,6,0
청담동,-20.1158,5325.0,50.0,32175.0,30120,2.33,2,24,6
청량리동,-37.9034,964.0,50.0,52571.0,21808,1.2,0,24,0
청룡동,-46.3329,2407.0,71.0,22408.0,34440,1.18,1,18,1
청림동,-84.2389,2971.6132075471696,15.0,0.0,16286,0.3,0,7,0
청운효자동,-82.9345,2319.0,28.0,15959.0,12981,2.57,0,23,0
청파동,-30.5015,286.0,27.0,22051.0,20661,0.91,0,24,2
충현동,-63.0969,2971.6132075471696,70.0,48688.0,18113,1.12,2,46,3
평창동,-282.8426,2971.6132075471696,35.0,1754.0,18816,8.87,0,57,1
풍납1동,-13.737,8520.0,15.0,35171.0,15518,0.77,0,6,0
풍납2동,-12.6403,15273.0,88.0,48130.0,25288,1.59,1,25,0
필동,-79.1061,1855.0,22.0,20043.0,5020,1.14,1,6,3
하계1동,-44.3205,3977.0,53.0,49158.0,29305,1.55,0,34,0
하계2동,-20.978,2113.0,20.0,17251.0,23318,0.51,1,21,0
한강로동,-16.1042,395.0,231.0,114696.0,19635,2.9,4,39,4
한남동,-48.8304,14779.0,90.0,37121.0,23704,3.01,2,41,3
합정동,-11.3868,8493.0,40.0,60494.0,19153,1.72,0,25,1
행당1동,-19.3713,187.0,92.0,88117.0,16463,0.59,1,22,1
행당2동,-32.5491,2971.6132075471696,8.0,9415.0,24640,0.42,1,26,0
행운동,-74.2251,492.0,80.0,20747.0,30061,0.72,1,15,0
혜화동,-51.857,2178.0,91.0,73065.0,20435,1.12,0,33,2
홍은1동,-100.2633,715.0,27.0,4365.0,22902,1.58,0,28,0
홍은2동,-72.6058,6162.0,49.0,17502.0,28394,2.06,0,66,0
홍제1동,-73.9965,2971.6132075471696,0.0,0.0,24997,1.23,0,23,1
홍제2동,-179.0758,2971.6132075471696,26.0,12148.0,14570,1.05,1,9,0
홍제3동,-130.1401,2971.6132075471696,40.0,19390.0,16420,0.81,1,46,0
화곡1동,-23.0389,195.0,39.0,11353.0,54562,1.12,0,26,2
화곡2동,-15.6255,2971.6132075471696,0.0,0.0,19487,0.47,0,30,0
화곡3동,-21.9086,2698.0,43.0,49054.0,22710,0.51,0,9,0
화곡4동,-33.6423,2971.6132075471696,15.0,13309.0,22044,0.82,0,30,1
화곡6동,-23.6753,3719.0,51.0,41227.0,25118,1.12,0,29,0
화곡8동,-33.9773,2971.6132075471696,20.0,22293.0,26509,0.53,1,27,0
화곡본동,-51.432,2971.6132075471696,25.0,31302.0,35918,1.11,0,25,0
화양동,-20.9748,3411.0,144.0,129834.0,25537,1.16,1,19,2
황학동,-21.5027,748.0,15.0,22551.0,13689,0.33,1,6,1
회기동,-37.1353,2971.6132075471696,22.0,29897.0,13114,0.76,0,10,3
회현동,-64.0186,2971.6132075471696,187.0,54395.0,5850,0.84,1,35,8
효창동,-39.3094,2971.6132075471696,35.0,18699.0,10300,0.44,1,14,1
후암동,-110.1838,2971.6132075471696,10.0,72.0,18445,0.86,0,16,0
휘경1동,-15.792,1889.0,30.0,41753.0,16508,0.63,1,15,0
휘경2동,-18.4596,3782.0,51.0,15335.0,25068,1.05,0,18,0
흑석동,-32.6523,2129.0,145.0,50564.0,35551,1.68,1,51,1
